hpi_0,hpi_0_5,hpi_2,hpi_6,hpi_18,log2_fold_change_6hpi,log10_abundance_6hpi,hsf1_target
TFPI,267.861761868812,310.983531921672,476.446127399031,640.659609953613,265.457544664996,1.2580693929184,2.6172690330413,unknown
RBM5,134.455898487423,97.8039756254836,151.544174028601,310.69713224233,801.145847271806,1.20837587870422,2.31045855193967,unknown
MAP3K14,159.059439943414,121.268707102451,397.550243446605,380.998415863202,208.248174834382,1.26021900296849,2.39124130944554,unknown
RHBDF1,16.3587934100226,20.4202149309715,20.4650980548929,36.2953739317159,156.239708507467,1.14971933752524,1.38680127146981,unknown
LUC7L,214.280719660048,255.566834892669,280.138257718001,641.793501633141,920.765597100325,1.58260713548175,2.56918920584367,unknown
CDK11A,72.6736643034926,80.3302376922799,96.2549249293276,149.684517443355,260.256691380107,1.04242044865861,2.01827697002467,unknown
CELSR3,28.9339929547619,29.9059897244077,56.4963539516656,86.1865890994936,177.043086197059,1.57469796685618,1.69842403244639,unknown
CLCN6,22.3730270358397,14.4291775984728,21.7075586328365,45.3665009134507,78.2273191638699,1.01986692591495,1.50323001558449,unknown
PLAUR,160.699676011635,201.148636035412,303.74490049416,428.62186619134,234.252428910678,1.41533843075424,2.41904466201491,unknown
ANLN,1243.80214084174,1369.39249481679,1424.43918179463,3080.79450997341,3495.19086203267,1.30854545188252,3.29170701584228,unknown
MAP4K3,155.232222438743,179.680905799593,192.545187174375,401.40846599362,244.654133040483,1.37064298744122,2.39728420154829,unknown
MAP4K5,253.646383412682,289.016552994044,356.549232729535,557.885517384611,515.098643705278,1.13715050963137,2.57538688085226,unknown
CLK1,296.292518641392,236.595352851364,541.053780201549,1762.0784831012,5117.85894078148,2.57218407947353,2.85887296686855,unknown
MTMR11,11.9847846956061,11.4336433398254,11.1466058826923,35.1614832901867,78.2273191638699,1.55279194050315,1.31234871197976,unknown
FHL1,10.3445222155757,11.4336433398254,29.1623121259032,23.8225821905333,10.6218116876805,1.2034627863731,1.19584963530457,unknown
CD44,699.790559391139,672.440179808177,703.194139194643,1447.99048709789,1107.99651547098,1.04905701736938,3.00286689397936,unknown
CENPQ,140.470097595644,129.755949995679,193.166414636321,282.349840560454,286.260959963998,1.00722076550213,2.29918571549623,unknown
CDH10,88.5292838453058,86.8204834500276,86.3152835332482,242.663632358403,57.4242399629891,1.45473125408847,2.16604582257834,unknown
MED17,236.69727825425,276.53531492649,450.354575261108,722.29981090635,665.923526959585,1.60955467585183,2.61645538261837,unknown
WDR37,100.557683697326,114.279212815982,181.984320283379,229.056932458961,203.047325308556,1.18768290360405,2.18117935066896,unknown
POLR2B,1058.45548160131,1050.87130816491,1516.38084086394,2293.87368220335,2257.38637306092,1.11582535679629,3.19262104757073,unknown
POLQ,435.16582900682,374.887470238707,395.686561144125,912.793613277606,764.739837255651,1.06872342252846,2.7995136890824,unknown
NOP58,1942.54264325484,2048.37182632318,3359.56261315417,4559.38926429537,3313.16078953848,1.23089431714977,3.47363861681219,unknown
EIF2AK2,920.675664027129,899.598706851407,1112.58301375541,1979.78568613482,1664.48843115418,1.10457934774337,3.13036242184451,unknown
DCBLD2,115.866555309203,150.225182274972,177.635728011522,303.893782232063,109.432190330864,1.39110296226037,2.27333995501249,unknown
UNKL,39.3221741377143,36.3962466895988,62.0874041995365,87.3204806023531,151.03886661954,1.15097697975379,1.76787681974059,unknown
DNAJC25,259.660581996757,291.013551081943,351.579413238662,602.107292857119,884.359585913364,1.21339357072259,2.59703995684346,unknown
ACAA1,18.5457899784796,20.4202149309715,39.7231975413833,45.3665009134507,31.4210316057832,1.2905356675741,1.46249031052047,unknown
U2AF2,776.881647941987,786.768317658556,1200.17608089665,1883.40489312299,2241.78379555704,1.277576446129,3.08264927837146,unknown
AHRR,59.0050243620232,56.8654989904456,93.7700146313442,137.211709661174,177.043086197059,1.21749389414603,1.95414008484943,unknown
LPAR2,8.70425079324966,10.9343858253106,8.04040443632226,29.4920312594228,156.239708507467,1.76053316094968,1.2047180406486,unknown
SLC12A2,178.195527236469,190.664395726621,306.851037694616,363.990040768297,78.2273191638699,1.03043785177082,2.40599314993546,unknown
DIP2B,266.768271220176,263.05557777459,330.457680373398,675.810252024177,613.914944588022,1.34103115028439,2.62797947504731,unknown
PDK3,32.761219065524,39.8909986792879,48.4203911100076,85.0526976014014,104.231366775143,1.37636795275263,1.7225240731839,unknown
SPTB,9.25100918809188,4.94319507357006,10.5253683784863,26.0903613420454,26.2206361717976,1.4958342628702,1.19133460313007,unknown
NOTCH3,7.61072908033152,6.94029022971442,9.90412971842931,26.0903613420454,5.4256168370022,1.77741035466607,1.14895317828387,unknown
NAALAD2,6.51719851972663,5.94174916275404,9.90412971842931,39.6970462079059,57.4242399629891,2.60670781626591,1.20640957151138,unknown
EDN1,46.4298718961789,149.2266831549,70.1633647169714,178.031808236228,171.842240436885,1.93900981930621,1.95864754416285,unknown
RFX3,21.2795314352414,10.9343858253106,11.1466058826923,55.5715212703162,67.8257526020168,1.38487935084616,1.53640717326876,unknown
KIAA0020,930.517079571383,1063.35254589226,1657.39946657848,1944.6350439772,1264.02228408751,1.06339488911567,3.12878122841246,unknown
CHRNA3,6.51719851972663,7.93882226027273,11.1466058826923,35.1614832901867,52.223513694957,2.43167208545465,1.18006406886781,unknown
CPOX,137.189625362755,149.2266831549,177.014500542942,329.973290624179,171.842240436885,1.26617786633755,2.32790002893789,unknown
HSP90AA1,5698.13615455945,6526.63991423947,11887.7727110594,24344.6652383022,11468.1080763556,2.09504366257462,4.07106831464121,yes
BZW1,1815.15098675037,2011.427362707,2791.76074610274,4076.35140742849,2897.09205300078,1.16718886779091,3.43459218599083,unknown
CCNT2,179.835763274732,167.199667127126,191.302732249775,384.400090883753,712.731252355932,1.09592872438447,2.41982977210206,unknown
PDS5B,379.397806954283,383.374712014212,443.521073505529,884.446321248553,733.53468618668,1.22106324611527,2.76288314803488,unknown
CHMP2B,224.122135653437,273.539817785316,328.593998059307,473.977533236199,286.260959963998,1.08053353115695,2.51312125429446,unknown
DNAJA1,3280.97515411581,4035.3848688927,6214.72386111021,12090.6978216855,6797.73647466644,1.88170093908239,3.79922715437734,yes
ESF1,652.22371748035,709.38464358561,860.985905846499,1393.56368635323,1087.19307984789,1.09534012626865,2.97926170418362,unknown
PABPC4,2069.38755444209,2349.9185293276,4279.60043047881,4367.76156990369,2319.79668310951,1.07769024556075,3.4780503778312,unknown
RBM27,416.029743032138,386.86945862589,518.068365277868,921.864746727454,1066.38964427847,1.14786842420798,2.79189579394286,unknown
LAMB4,25.6535113708474,17.4246997807107,24.1924780807749,77.1154572657695,47.0228160862987,1.58786375663007,1.64814412824724,unknown
XYLB,27.8404993409798,24.4142284839144,31.0259987133276,70.3121086640951,88.6289209244139,1.33658807436085,1.64585357153192,unknown
HSP90AB1,5718.36573090228,6146.21178909001,11269.6514226643,16426.6996169154,8149.9598777097,1.52236785038189,3.98641112188736,yes
HNRNPM,2436.25365528961,2564.09656836097,3986.38108559914,6329.39418116546,3916.46045882357,1.37740306844177,3.59404232359024,unknown
MED15,203.892558284037,221.118617408724,184.469230146828,564.688867455685,790.744130079915,1.4696470691141,2.53060530051226,unknown
LRP5L,40.4156662973798,26.4112333453602,43.4505666767492,108.864419865383,218.649875267021,1.42954597797758,1.821717852799,unknown
AHSA1,378.851061638898,418.821427604159,564.039195110601,1359.54693588915,1040.38534989705,1.84342326283397,2.85593135700178,yes
EIF5,1501.31918053663,1646.47597206925,1929.49707913979,3261.08328752642,2231.38207722303,1.11912056114032,3.34491746192288,unknown
SLCO4A1,209.360011646636,237.593851909089,230.440061994736,450.165808030884,364.273789346419,1.10447057249749,2.48713311961646,unknown
SCML2,176.008545848692,170.195164421448,182.605547749652,383.266199210181,483.89349816353,1.12270129182383,2.41451713739187,unknown
GABRE,104.384901682964,101.298723000637,160.862586243634,573.760000884745,619.115802748735,2.45853434112946,2.3886839775268,unknown
RBM3,1337.29558838862,1273.53658914335,2437.03988602057,2738.35922179883,1612.47984020026,1.03399332778984,3.28185891540304,unknown
DGKH,16.3587934100226,10.9343858253106,13.0103129968973,54.4376300318357,47.0228160862987,1.73453791772187,1.47482523880022,unknown
NFAT5,239.43100489897,248.078091995025,269.577391178569,662.203551866595,1212.01369429478,1.46766476409762,2.60008594706491,unknown
SLC7A6,105.478392524891,113.280713620464,239.137246296632,232.458607430593,333.068654266788,1.14002635664441,2.19475456718687,unknown
CRISPLD2,16.3587934100226,28.9074881366686,107.437020931416,53.3037388120556,15.8206797071766,1.70417038746936,1.4702544700501,unknown
SOLH,124.067736224298,102.7964718588,122.346481605288,359.454474078684,608.714086445892,1.53468106899446,2.32465137581031,unknown
PIEZO1,868.734859755731,780.278074029117,1307.02719823432,2214.50126442206,2631.84823402878,1.34999398608733,3.14208159070246,unknown
EARS2,74.8606464501076,77.3347395296899,83.2091454712863,163.291216968722,99.0305469261599,1.12516778235947,2.04360819941481,unknown
GDAP1,46.4298718961789,41.8879994177275,55.2538982483304,97.5255043153384,31.4210316057832,1.07072625321102,1.82795784509448,unknown
NDRG1,280.9836496309,316.974526160894,356.549232729535,793.734986775942,1950.53568287344,1.49817121612924,2.67417828649944,unknown
SNX16,31.6677261063669,32.9014935764719,31.6472274656734,79.3832401895462,88.6289209244139,1.32582117138601,1.70017285081498,unknown
EEF1D,841.944339650545,813.727791191973,1147.99297707047,1745.07010786499,1669.68929025486,1.05148823160245,3.08354813044521,unknown
SQLE,133.36240773338,123.265705445729,154.029083962411,273.27870723929,88.6289209244139,1.03502099915496,2.28081961111476,unknown
HNRNPL,844.678066192138,1006.93735135946,1187.75153236727,2039.88194530839,1560.47124934931,1.27201216702085,3.11814812553866,unknown
AMH,31.1209795666002,21.9179707291469,49.0416190935778,107.730528298331,291.461814271024,1.79146775712383,1.76269602400242,unknown
MEGF8,63.3789894805524,49.3767502717746,68.920909312904,138.345601272324,83.4281164553273,1.12620021130662,1.97145533284831,unknown
TNPO2,473.984746208743,460.758386790725,620.570891186302,1027.31667309882,1243.21884814327,1.11596842867034,2.84373435104288,unknown
ZNF14,17.4522921509648,16.4261933464108,37.8595126419989,43.0987189157385,26.2206361717976,1.30422845697313,1.43815841782889,unknown
LFNG,8.70425079324966,12.9314124610724,14.2527810088151,23.8225821905333,1,1.45253776879222,1.15836011486575,unknown
HSPB1,271.142233813003,261.058579674205,291.941579118315,810.743361986896,561.906364087849,1.58019545799578,2.67104028561138,yes
CLDN15,15.812043641239,17.4246997807107,27.9198540899019,45.3665009134507,140.637186666119,1.52060354780435,1.42786164402641,unknown
FSD1L,108.758865023259,72.8414921159733,95.0124697842027,236.994174062863,473.491783273982,1.1237185933424,2.20560116840548,unknown
CA9,46.4298718961789,26.9104844076567,50.9053029637509,100.927178950357,249.85498555215,1.12018952846774,1.83540280986251,unknown
FUBP3,481.092435266228,446.280150891915,616.222299182782,998.969381060712,1227.61627120854,1.05412634477743,2.84089035257585,unknown
MAPK8,104.93164710452,106.790468768455,159.620131287219,210.914665985398,249.85498555215,1.00720956013842,2.17250663476589,unknown
DKK1,48.0701094782032,147.229684910548,282.623167488673,251.734765642368,343.470365548993,2.38869247829667,2.04140915441428,unknown
PBLD,10.3445222155757,8.43808572875656,16.7377114574035,21.5548039006238,62.624987895832,1.05914242464843,1.17412725637247,unknown
RAPGEFL1,4.87687618791312,6.44102103341228,6.17665692105884,34.027592716847,15.8206797071766,2.80267583999059,1.10998647802535,unknown
DDX5,3583.32530868355,4228.0951790231,6000.40039929576,7700.26922570905,7848.31004158802,1.10360986470771,3.72039607334952,unknown
LRP2BP,16.9055429051479,16.9254466668943,14.8740142356305,37.4292646353383,57.4242399629891,1.14667035646895,1.40062020849061,unknown
HSPA8,11102.1667644396,14694.8611154958,28205.5534971042,48965.9892398972,15555.9834450022,2.14093876209362,4.36765113966996,yes
CHORDC1,457.582386836716,471.741876086502,854.773631572855,1970.71455267475,3073.9212659149,2.10661539856491,2.97754651148429,yes
EIF4G2,8156.30305281375,8964.47526210098,12723.3235983859,16986.8421082458,8878.08017190195,1.05843039148176,4.07080300198269,unknown
MMP12,8.15749085231033,19.4217104716732,39.1019692688382,44.2326098972925,10.6218116876805,2.43891299979428,1.27864958032522,unknown
TCIRG1,19.0925385963871,25.4127310440402,21.08632842511,51.0359564335241,31.4210316057832,1.4185050890597,1.49436996762497,unknown
PRR4,11.4380313133784,7.93882226027273,13.0103129968973,30.625921480192,26.2206361717976,1.42091449266849,1.27222022294399,unknown
CDKN1B,233.416806277132,173.1906617073,199.999916702846,628.186801479598,1123.59909222173,1.42828519108173,2.58311046497389,unknown
NT5DC3,74.3139009184789,128.757450840311,117.37666144972,150.818409065876,161.440551506487,1.02110852934766,2.02476220716477,unknown
HCFC2,13.0782895766548,15.4276860103841,15.4952470216286,29.4920312594228,67.8257526020168,1.1731513186438,1.29312781736982,unknown
CAP2,77.5943740611556,93.3107289109776,81.3454626001627,178.031808236228,161.440551506487,1.19811106533522,2.07016391851052,yes
E2F3,231.776570287112,258.063082521655,348.473276055613,466.040291499566,593.111512135867,1.00771995314109,2.51674649866741,unknown
KIAA1244,14.1717923969931,14.4291775984728,10.5253683784863,41.9648279715535,114.633017093885,1.56615843007115,1.38715511442171,unknown
PHACTR2,244.351712853165,216.126122083546,300.017535851625,544.278817244418,296.662668750742,1.1553866713881,2.56191841002524,unknown
PDE10A,299.02624524581,323.464769914101,321.139268798593,665.60522690585,738.735544672216,1.15439464887219,2.64946301567834,unknown
LAMA4,12.5315374248102,17.4246997807107,14.8740142356305,26.0903613420454,15.8206797071766,1.05795350332751,1.25724222470331,unknown
HARS2,155.778967797628,135.746944885123,183.226775215649,312.964915579924,192.645627823245,1.00650047144587,2.3440022381249,unknown
HMGCS1,369.556391273345,400.349195547603,527.3867767353,851.563462498389,827.150140395285,1.20431952570704,2.74894886836313,unknown
HMGCR,266.768271220176,269.046572069685,370.216236317446,583.965025993692,265.457544664996,1.1302948818143,2.59626050605541,unknown
CLK4,83.608574559584,79.3317383139996,142.846989197087,311.831023911076,379.876358140812,1.89904165616225,2.20808506998086,unknown
ARRDC3,83.608574559584,58.8624983905525,237.273563948347,483.048666651238,811.547564497185,2.53044573439486,2.30312085344715,unknown
RARS,383.225024161273,380.878464433822,541.675007631707,809.609470306124,437.085782510555,1.07903439536996,2.74586471995139,unknown
H2AFY,554.356306981072,629.005472366798,880.243956093137,1163.38367490435,613.914944588022,1.06944150756236,2.90475597910762,unknown
PFKFB4,19.6392870380063,10.9343858253106,8.04040443632226,57.8393037990236,145.838025960667,1.55830763027205,1.5276743872038,unknown
COL7A1,20.1860353170197,36.3962466895988,40.3444257883252,61.2409777072178,104.231366775143,1.60113973275321,1.54604657215351,unknown
HES1,56.2712959554448,34.3992450696168,189.439049861072,189.370724660243,218.649875267021,1.75074222299782,2.01379987918221,unknown
ABCC5,230.683079626545,255.067585366664,208.697101114727,607.776751252703,671.124385282943,1.39762930211491,2.57337991200064,unknown
DNAH1,27.2937524466695,31.9029924304616,35.3745990219944,69.1782172588433,36.6215539548407,1.34174708022115,1.63801630706706,unknown
NKTR,634.72786757297,540.638308831819,697.603092340035,1275.63895141602,2158.57004892974,1.00700996552091,2.95415766910354,unknown
DNAJC27,10.8912771887783,12.4321565950035,13.0103129968973,40.8309370678051,57.4242399629891,1.90648953303952,1.32403407914017,unknown
POLE4,83.0618290723312,97.8039756254836,98.7398351975364,172.362350044118,47.0228160862987,1.05318712761335,2.07792194853895,unknown
FN1,19.6392870380063,19.9209627663715,22.3287886911407,44.2326098972925,5.4256168370022,1.17136781273931,1.46943414140675,unknown
PAPOLG,118.600282301009,110.784465617626,206.833418743961,322.036048934254,338.269509852578,1.4411147497477,2.29099510620268,unknown
HSPE1,390.879458571659,434.29816255353,644.798760914047,1327.79796879034,671.124385282943,1.76423997452335,2.85758742400543,yes
ABCB6,10.3445222155757,15.4276860103841,31.0259987133276,26.0903613420454,62.624987895832,1.33464991239184,1.21559526529287,unknown
CACYBP,2008.15208007699,2258.05661980726,2890.53590678612,5344.04230879546,2330.19840145589,1.41206289900167,3.51533324360966,yes
ACTL8,14.1717923969931,10.4351276181976,33.5109134342004,51.0359564335241,15.8206797071766,1.84849179261054,1.42965051987223,unknown
SLC2A1,242.711476869312,214.62837348378,360.276597346122,557.885517384611,582.709796031341,1.20072677028301,2.56581770011811,unknown
PTCH2,5.97042870004762,6.94029022971442,8.04040443632226,22.6886929221856,62.624987895832,1.92606706742557,1.06590749676308,unknown
FAAH,9.7977662665417,18.4232054519055,17.3589431845097,22.6886929221856,1,1.21144871836033,1.17346827602333,unknown
F3,87.4357929076418,97.3047259957019,173.287135725006,327.705507283756,515.098643705278,1.90610402786889,2.22858649639562,unknown
PTBP2,160.699676011635,129.256700418262,180.120637882882,332.241073964948,1061.18878539486,1.04786341999305,2.36373416156687,unknown
STAG1,398.53389297748,365.401729423176,432.960207151351,1006.90662283119,686.726960337102,1.33715557148773,2.80172722945273,unknown
ABCG2,180.382508620342,200.649386498408,286.350532142454,378.730632516448,93.8297313926769,1.07011266436429,2.41726242782013,unknown
HELLS,571.852156918577,604.54224632132,753.513560869441,1148.64308304051,1003.97933792551,1.0062164651586,2.9087344325963,unknown
TCP1,1083.05902044501,1173.68668737769,1620.12582101725,2612.49724502266,1352.4368872126,1.27031765220368,3.22585398247199,yes
MSANTD2,39.3221741377143,43.8849999147768,52.768986722931,117.935552481582,88.6289209244139,1.58458369805944,1.8331411340063,unknown
HSPH1,886.230709617554,1046.87731209203,2013.36278163139,7978.07268800426,4675.78590600892,3.17028604284894,3.42472239197091,yes
EGR1,359.168230267098,511.182587606568,354.064322984403,2028.54302848311,13699.2766934586,2.49771225539967,2.93124106947816,unknown
UTP20,785.082827571234,815.225539721415,1469.16755647846,1908.35051013751,868.757009781681,1.28140940412656,3.0877868116516,unknown
CRY2,57.3647873392094,52.8714998852775,81.3454626001627,179.165699876332,151.03886661954,1.64305713581364,2.00595012915684,unknown
PILRB,182.02274465577,186.171149858032,277.032120502934,515.931525294841,728.333827712044,1.50306086942809,2.486358862155,unknown
P4HA1,611.217819251048,623.01447823431,601.934068311542,1398.09925308186,1087.19307984789,1.19370827437561,2.96586700536588,unknown
MORF4L2,1817.33796797801,1749.8206203183,2543.89100324658,4162.5271753197,3952.86647338563,1.19563295029705,3.43939639092057,unknown
SLC36A1,25.6535113708474,30.9044911507671,44.0717947918925,57.8393037990236,15.8206797071766,1.17289387609505,1.58568493757817,unknown
CKS2,574.585883470605,568.097031984508,801.348072807672,1176.99037508666,832.350999043393,1.03450806866746,2.91506393167466,unknown
PARD6B,52.4440758630413,43.3857498113595,52.1477588148128,137.211709661174,291.461814271024,1.38755188770759,1.9285438063172,unknown
MPHOSPH10,1170.53826965,1123.76173648437,1556.13939613373,2355.10383306407,1773.70647245231,1.0086185647615,3.22019783820357,unknown
HIST1H4B,1.04939144816225,0.451879948421009,8.6616480435825,85.0526976014014,218.649875267021,6.34073215106317,0.975312806637974,unknown
BTN2A3P,26.7470054894679,15.9269398010442,31.6472274656734,66.910434476324,57.4242399629891,1.32285383130302,1.62638450838647,unknown
HIST1H3B,4.33009126235446,0.451879948421009,2.4489766976346,20.4209151656614,83.4281164553273,2.23757818513278,0.973286125459999,unknown
INSIG2,51.3505843286539,57.3647488492671,54.632670382321,128.140576817458,353.872077254248,1.31927479137111,1.90911603224892,unknown
CCDC93,434.07233838028,382.875462498176,429.232842554346,891.24967133528,1638.48413566496,1.03789415095407,2.79378074682518,unknown
EIF2C3,68.2996998354718,50.3752502038868,89.4214215308229,142.881167728262,182.243932722599,1.06486463310297,1.99469689298479,unknown
FLRT1,4.87687618791312,6.94029022971442,6.79790951959197,23.8225821905333,62.624987895832,2.28830054766342,1.0325652820159,unknown
WNK4,8.15749085231033,13.4306678889075,10.5253683784863,44.2326098972925,125.034678655622,2.43891299979428,1.27864958032522,unknown
ATG14,137.189625362755,118.273209567975,148.438036600479,293.688757224196,359.072933254064,1.09811665326088,2.30260429581601,unknown
HNRNPH2,317.61558612316,347.927996318759,564.039195110601,674.676360344322,697.128677106813,1.08691390227218,2.66549864974545,unknown
ZNF484,13.0782895766548,15.9269398010442,18.6014058136221,45.3665009134507,73.0265305585394,1.79445351732629,1.38664311645752,unknown
ZNF780B,14.1717923969931,18.9224580371076,40.9656540108071,30.625921480192,93.8297313926769,1.11173101628713,1.31875697322121,unknown
LIF,30.0274863560412,33.4007441029893,6.79790951959197,61.2409777072178,208.248174834382,1.0282136056521,1.63228054693203,unknown
TWSG1,75.4073919785066,90.8144806878736,126.073846683307,162.157325337335,88.6289209244139,1.10461633899649,2.04367524651517,unknown
LDLR,430.791866500248,472.740375113117,512.477318402106,996.701597697746,1269.22314307898,1.21017062951657,2.81641632475103,unknown
APOE,28.3872461759222,31.4037418080986,49.6628470633944,69.1782172588433,223.850726109976,1.28507493439619,1.64654631497303,unknown
ATP8B3,21.8262792955795,16.4261933464108,20.4650980548929,48.7681741457092,73.0265305585394,1.15987374317603,1.51355810220388,unknown
H19,14.7185431684175,11.4336433398254,17.3589431845097,38.5631553956632,57.4242399629891,1.38958822215885,1.37701869419626,unknown
ZNF337,14.7185431684175,20.4202149309715,21.08632842511,46.5003919617142,78.2273191638699,1.65960799558703,1.41766071980839,unknown
POMT1,26.7470054894679,29.4067389517059,38.4807409694746,167.826783501201,223.850726109976,2.64952368799432,1.82606821899013,unknown
CCDC62,10.8912771887783,14.4291775984728,9.28288969388255,63.5087603799319,57.4242399629891,2.54378246586875,1.4199562235433,unknown
AKAP12,47.5233636300623,45.3827501479428,81.3454626001627,121.337227245141,31.4210316057832,1.35231339232444,1.88045061906558,unknown
SLC6A6,117.506791506833,107.788967986158,91.285104301174,271.010923910478,442.286639621836,1.20560686267665,2.25152488245065,unknown
AOC3,16.3587934100226,8.43808572875656,19.8438675075502,70.3121086640951,125.034678655622,2.10370681956455,1.53039069526071,unknown
AOC2,13.6250412156227,14.9284319514869,12.3890780665321,37.4292646353383,161.440551506487,1.45790611016386,1.35377455969799,unknown
NPHP4,51.3505843286539,50.8745001566886,52.1477588148128,123.605010429523,161.440551506487,1.26728462677593,1.90129073273759,unknown
KIAA0664L3,13.0782895766548,8.43808572875656,13.6315472847274,39.6970462079059,41.8221574982693,1.60185779019838,1.35765457100641,unknown
DNAJB1,1166.71105249778,1309.48255377311,1620.74704844328,2436.74403421277,6111.2230549899,1.06250740467531,3.22688661176024,yes
LPIN3,12.5315374248102,17.9239527041673,17.3589431845097,28.3581411530984,47.0228160862987,1.17819954673539,1.27534105766615,unknown
SRRM1,864.907642598171,737.841865672004,1211.35817457276,1948.0367190247,2819.07916501363,1.17140288055752,3.11328343671607,unknown
PDZD2,3.78329853829677,5.44247407105259,3.69158373671004,29.4920312594228,26.2206361717976,2.96260866286116,1.0237876490845,yes
ZNF767,27.2937524466695,19.9209627663715,49.0416190935778,57.8393037990236,99.0305469261599,1.08347943160905,1.59914315249613,unknown
ATP13A3,1192.40808194755,1276.53208619594,1896.57202556787,3195.31756992819,3432.78055144824,1.42208126320407,3.29046946919583,unknown
CD101,13.0782895766548,11.4336433398254,8.04040443632226,34.027592716847,26.2206361717976,1.37953121881352,1.32419108759643,unknown
FKBP11,50.2570927548159,47.8790003032657,51.526530895224,139.479492884636,364.273789346419,1.47265390142865,1.92285386093113,unknown
FST,7.063965120222,5.94174916275404,11.1466058826923,20.4209151656614,31.4210316057832,1.53149739769501,1.07956187365041,unknown
EMP1,40.9624123468631,40.3902488884429,60.2237208532414,108.864419865383,156.239708507467,1.41015992964206,1.8246357438222,unknown
SYNCRIP,1767.03739974122,1890.60898168619,2948.93128479934,3686.29266855609,2569.43792376569,1.06083804129314,3.40691777702908,unknown
CGA,9.7977662665417,22.9164740874938,28.5410831416416,37.4292646353383,1,1.93364192368565,1.28216918475715,unknown
MICAL1,13.0782895766548,18.9224580371076,10.5253683784863,32.8937022186176,67.8257526020168,1.33063752146927,1.31683185284666,unknown
TEC,36.5884433431094,51.8730000370378,38.4807409694746,109.998311434811,135.436348891768,1.58802143478316,1.80236497561584,unknown
FBXL8,7.063965120222,11.4336433398254,8.04040443632226,21.5548039006238,41.8221574982693,1.60945931283993,1.09129631113942,unknown
SLC9A5,5.97042870004762,6.94029022971442,12.3890780665321,23.8225821905333,57.4242399629891,1.99642336763006,1.07649717513583,unknown
DHX9,2153.03958638411,2399.34423064432,3890.09083463105,4740.81193354279,2449.81816253297,1.13875931741862,3.50445237114834,unknown
RC3H1,306.68067973139,322.466270875534,427.990387688508,825.483953837454,1284.82572006592,1.4285028890268,2.70169752640655,unknown
CHRND,22.3730270358397,17.9239527041673,30.4047699081097,87.3204806023531,47.0228160862987,1.96455960678266,1.64542043239719,unknown
DOCK10,33.3079654887654,35.39774592895,24.1924780807749,117.935552481582,67.8257526020168,1.82405955483043,1.7970964259436,unknown
VPS36,200.612086258727,221.118617408724,317.41190416552,416.149057764289,327.867798796871,1.05269184413613,2.46080300501199,unknown
LMO7,1321.43997447846,1429.80168536248,1728.84062056716,2978.74425852947,5939.59470011842,1.17259337263561,3.29754032932126,unknown
TTC5,49.163601138939,44.8835000826482,58.3600374394806,99.7932874022358,62.624987895832,1.02135218170165,1.84537250802703,unknown
ST6GALNAC4,20.1860353170197,27.9089863708005,27.2986249662098,45.3665009134507,26.2206361717976,1.1682698071411,1.48089315623847,unknown
HIST1H2AB,0.504048721967425,1,3.07028853412098,30.625921480192,47.0228160862987,5.92504624956625,0.594280841319519,unknown
SLC22A23,48.6168553143644,56.3662491255052,53.3902146199733,100.927178950357,171.842240436885,1.05378625036973,1.84539749912146,unknown
MAPKBP1,68.8464454078199,83.8249854490009,86.3152835332482,166.69289186707,145.838025960667,1.27573851210862,2.0298993016152,unknown
IFI44,20.1860353170197,28.4082372771364,18.6014058136221,43.0987189157385,67.8257526020168,1.09428740390667,1.46975769497604,unknown
STAMBPL1,337.298417585751,424.313172265281,340.397319374954,704.157544023695,244.654133040483,1.06187269493096,2.6878420701042,unknown
DNA2,86.8890474357737,105.292719934789,134.149804252812,224.521365833736,93.8297313926769,1.36960650221897,2.14511135579276,unknown
MYPN,273.329215107734,313.479779522009,456.566849582418,754.048777955982,894.761303365802,1.46401817943973,2.65704274734357,unknown
C4orf21,90.1695202371692,81.3287370617598,119.240344015354,218.85190755838,359.072933254064,1.27924320822492,2.14760504765338,unknown
CCNG2,18.5457899784796,11.9329002405815,8.04040443632226,44.2326098972925,187.444779950173,1.25401864706398,1.45699395125756,unknown
ANXA3,379.397806954283,478.731369271888,708.16395862063,896.919129741006,489.094355665768,1.24126657162539,2.76592405153023,unknown
MAPK8IP3,63.3789894805524,60.3602478820799,63.3298597291591,189.370724660243,463.090068546257,1.57913675528408,2.0396290757831,unknown
SLCO1C1,7.61072908033152,6.94029022971442,4.93413639868277,26.0903613420454,21.0204552697655,1.77741035466607,1.14895317828387,unknown
CLSTN3,106.025137944098,107.289718377772,148.438036600479,258.538115613563,494.295213204706,1.28597062910728,2.21896671262341,unknown
VAMP1,15.2652935711837,8.43808572875656,35.3745990219944,32.8937022186176,21.0204552697655,1.1075560593728,1.35040895863047,unknown
RBP5,8.70425079324966,9.43660873823229,14.8740142356305,21.5548039006238,47.0228160862987,1.30821740706756,1.13663773593365,unknown
DUSP6,88.5292838453058,123.764955029991,186.954140006004,195.04018288984,67.8257526020168,1.139544727874,2.11860552326849,unknown
NUPL1,452.114933709868,485.720862455182,668.405403203628,942.274796990529,1253.62056611101,1.05945828469557,2.81471321378166,unknown
RBM26,1007.06142267547,947.027410246484,1231.85867964483,2343.76491623796,2600.64307889282,1.21867619329227,3.18648500443538,unknown
ZIC5,110.399101257856,121.76795668922,159.620131287219,236.994174062863,359.072933254064,1.10212316693412,2.20885160396451,unknown
HERC2P2,42.60265038308,38.3932479449145,36.6170558971075,94.1238297100319,145.838025960667,1.14361683638036,1.80156810378732,unknown
NEIL1,32.761219065524,24.9134797981996,42.2081103866329,91.8560466579542,145.838025960667,1.48738565196813,1.73923390194063,unknown
MAN2C1,180.382508620342,177.184658075997,219.879195305891,441.094674623157,894.761303365802,1.29002889301003,2.45036311849796,unknown
DNAJA4,5.42365491344676,8.9373478248638,7.41915844656427,23.8225821905333,21.0204552697655,2.13499250577472,1.0556404416084,unknown
PIF1,39.8689202279352,25.4127310440402,39.7231975413833,99.7932874022358,239.453280820219,1.32367824263258,1.79986790162145,unknown
TICRR,264.581289922024,186.171149858032,271.441073510781,612.312317969419,671.124385282943,1.21055666238672,2.60476606286959,unknown
RNF165,11.4380313133784,12.9314124610724,16.1164794150601,55.5715212703162,119.833846650613,2.2805069743438,1.40160178345974,unknown
PRDM15,241.617986212926,197.653889273326,207.45464620107,566.956650812849,702.329535510858,1.23051057783705,2.5683395572947,unknown
ATHL1,21.8262792955795,18.4232054519055,14.8740142356305,55.5715212703162,73.0265305585394,1.34827951812361,1.54191599701165,unknown
MAP3K6,67.7529542588839,65.3527458711442,71.4058201019897,149.684517443355,177.043086197059,1.14356924519008,2.00305255913403,unknown
CRABP2,35.4949508456794,29.4067389517059,45.9354790272126,74.8476743685686,62.624987895832,1.07634367430225,1.71217244489251,unknown
ECM1,7.61072908033152,4.44391132020324,11.1466058826923,21.5548039006238,10.6218116876805,1.50190286692266,1.10748516936348,unknown
CTSK,4.87687618791312,9.93586862575569,6.17665692105884,23.8225821905333,41.8221574982693,2.28830054766342,1.0325652820159,unknown
ANP32E,850.692264583442,773.288580889256,1076.55182300966,1790.42577516183,2507.02761353927,1.07359347004599,3.09136440256289,unknown
PPFIA4,6.51719851972663,8.43808572875656,6.79790951959197,31.759811803388,431.884925450657,2.2848785171176,1.15796943524781,unknown
HNRPLL,138.829861481512,128.258201261819,158.998903808397,308.429348905149,296.662668750742,1.15162213642485,2.31581929370655,unknown
SFXN5,21.2795314352414,19.4217104716732,29.1623121259032,49.9020652775133,21.0204552697655,1.22963314130338,1.513040290376,unknown
HSPD1,3694.31460592746,4130.74152494199,5576.72329506839,7660.58301680977,4608.17473600983,1.05214746344957,3.72589785015334,unknown
CCDC150,93.4499929715795,86.8204834500276,102.467200548727,193.906291243059,171.842240436885,1.05309315152098,2.12908558646941,unknown
LRIG1,25.6535113708474,30.9044911507671,34.1321420027587,57.8393037990236,21.0204552697655,1.17289387609505,1.58568493757817,unknown
NFKBIZ,27.8404993409798,47.8790003032657,28.5410831416416,75.9815658136995,270.658398178229,1.44846435582028,1.66269262979324,unknown
MYH15,15.812043641239,9.43660873823229,21.7075586328365,52.1698476121812,31.4210316057832,1.72219237715422,1.45820378623896,unknown
SPATA5,46.9766177695309,48.8775002919326,50.2840750199594,100.927178950357,57.4242399629891,1.10329998317626,1.83794493973544,unknown
BDP1,876.389294070539,785.270569128722,915.653919443741,1788.15799179697,2080.55716156628,1.02883044508986,3.09755147581276,unknown
FAM217A,7.61072908033152,12.4321565950035,11.1466058826923,27.2242511751919,52.223513694957,1.83878579657574,1.15819110278984,unknown
FAM193B,69.3931909760273,53.869999703164,51.526530895224,163.291216968722,405.880640990883,1.23458117977094,2.02713984214064,unknown
DOK3,9.25100918809188,9.43660873823229,22.3287886911407,21.5548039006238,36.6215539548407,1.2203267751268,1.14986659420967,unknown
ZNF92,58.4582786945365,61.3587475172286,98.1186076331528,180.299591516973,275.85925190694,1.62491687354309,2.01142038309641,unknown
C7orf43,13.6250412156227,20.9194669743555,26.677395765687,37.4292646353383,36.6215539548407,1.45790611016386,1.35377455969799,unknown
GIGYF1,267.315016544531,212.631375349109,241.000928643811,723.433702586587,1498.06094047917,1.43631992643692,2.64321104674864,unknown
ZC3HAV1L,39.3221741377143,30.4052404567963,51.526530895224,88.4543721097976,229.051577332926,1.16959036296597,1.77067841307441,unknown
NONO,1653.31437589332,1568.59304874376,2685.53085630897,3390.34693935831,3620.01148324445,1.0360718365179,3.37429979226467,unknown
ACRC,21.2795314352414,24.9134797981996,35.3745990219944,80.5171316607038,36.6215539548407,1.9198293949028,1.61692517799017,unknown
GNRH1,4.33009126235446,2.94602120826192,9.90412971842931,20.4209151656614,78.2273191638699,2.23757818513278,0.973286125459999,unknown
SLC25A37,133.36240773338,121.268707102451,109.300703552133,293.688757224196,775.141554357813,1.13893598235525,2.29646037458587,unknown
UGCG,123.520990835366,146.730435348563,140.362079225427,277.814273898717,707.530393927322,1.16936449538267,2.26774766122742,unknown
NR6A1,40.9624123468631,40.3902488884429,35.9958274766535,147.416734201087,333.068654266788,1.84752771737798,1.89046615544505,unknown
HERC4,514.99064458975,557.612792237742,437.308799180245,1189.46318358734,1560.47124934931,1.20769248858171,2.89357517194381,unknown
ENSG00000148824_protein_coding,19.6392870380063,18.9224580371076,27.9198540899019,41.9648279715535,36.6215539548407,1.09543811004363,1.45800558237013,unknown
SERPINH1,767.586977694697,837.192518151048,758.483380292614,1591.99473074555,369.474645527415,1.05243341962283,3.04353461208413,yes
TAGLN,28.3872461759222,34.3992450696168,37.8595126419989,64.6426517343603,36.6215539548407,1.18724347956826,1.63182121376171,unknown
ORAOV1,54.0843130958078,49.3767502717746,63.9510874841956,112.266094580505,156.239708507467,1.05364017317749,1.89165996665195,unknown
BAG3,519.911352391325,535.645813710834,644.177533485255,2112.45101299105,1841.31764105031,2.02258032390903,3.02035797353136,yes
AP1S3,61.1920069683115,68.3482444631837,74.5119584873876,146.282842581383,119.833846650613,1.25734544423933,1.97594404418378,unknown
HSPB8,34.9482045537805,41.8879994177275,42.8293385419468,82.7849146202967,41.8221574982693,1.24414955855587,1.73068803710557,unknown
UHMK1,919.035428103031,955.514651905283,1325.66402102331,1894.74380994774,3089.52384353367,1.04381041098627,3.12044137517089,unknown
GPR125,250.912656780203,301.99704055225,320.518041359877,507.994283551395,213.449024831696,1.01762701606428,2.55269069708838,unknown
HNRNPU,8527.54311595584,8648.94957300959,13180.5469835691,20916.9106810248,17875.5666698226,1.29446773940668,4.12566073290381,unknown
DGKE,110.399101257856,97.3047259957019,134.771031753034,314.098807248873,509.897786030518,1.5084900371405,2.27001591255261,unknown
UBASH3B,85.2488110075628,114.279212815982,140.983306719228,222.253582522745,145.838025960667,1.38245505649527,2.13876855029392,unknown
TTN,24.5600169506979,25.9119822252488,32.8896848234494,64.6426517343603,125.034678655622,1.39617482430518,1.60037391286159,unknown
MCU,138.283116109115,149.725932715108,140.983306719228,285.751515558205,234.252428910678,1.04713613101282,2.29837884997907,unknown
TTC18,3.78329853829677,6.44102103341228,8.04040443632226,32.8937022186176,47.0228160862987,3.12009486568663,1.04749168456134,unknown
HIAT1,437.899555572878,499.200599303095,657.223309488585,1025.0488897357,556.705506160913,1.22702083004905,2.82605954199868,unknown
EYA3,118.600282301009,159.211674297237,137.255941747195,248.333090659353,93.8297313926769,1.06616907114042,2.23456015819999,unknown
ABHD3,104.93164710452,84.324235120492,150.922946543962,231.324715773131,145.838025960667,1.14046956172275,2.19256426361545,yes
ZSCAN12,142.110333705309,134.748445741748,196.893779403188,344.713882345031,530.701216914436,1.27838793469308,2.34504221648346,unknown
FAM160B2,36.5884433431094,37.8939976621954,34.1321420027587,96.3916127767805,161.440551506487,1.39751958273185,1.77369158976735,unknown
GCFC1,622.152725448618,640.488211118854,1010.70171577252,1451.39216214451,2423.81386663262,1.22209670395797,2.97784089071385,unknown
C1orf51,3.78329853829677,1.44813192260153,1.82765314790165,28.3581411530984,31.4210316057832,2.90604644013033,1.0152741862528,unknown
STARD9,73.2204098452455,62.8564969335785,82.5879178505339,168.960675135985,208.248174834382,1.20636975042129,2.04620889584934,unknown
CCDC17,1.59605090951829,0.451879948421009,0.585903695934914,21.5548039006238,31.4210316057832,3.75543086204775,0.768295408062893,unknown
ATAD3B,81.4215925961515,78.3332389265862,144.710671669787,241.52974069885,327.867798796871,1.56871750005932,2.14685510399256,unknown
RALGDS,76.5008830258892,60.3602478820799,70.7845924117997,163.291216968722,296.662668750742,1.09389888838926,2.04831463692295,unknown
DIP2A,95.0902293158135,90.8144806878736,81.3454626001627,213.182449290395,296.662668750742,1.16471965554993,2.15344367115682,unknown
DEDD2,38.7754280258571,29.9059897244077,24.8137076472635,85.0526976014014,151.03886661954,1.13321428765729,1.75912234655856,unknown
IL6R,23.4665221884298,21.9179707291469,28.5410831416416,77.1154572657695,177.043086197059,1.71641602166442,1.6287950843543,yes
PAQR6,10.3445222155757,8.9373478248638,17.9801746275219,21.5548039006238,36.6215539548407,1.05914242464843,1.17412725637247,unknown
LY6K,563.104231950823,675.435676871954,836.758036177733,1466.13275401331,1196.41111740281,1.38054184271683,2.95838104371142,unknown
MPP3,68.8464454078199,80.3302376922799,117.997888972606,162.157325337335,348.671221351098,1.23594012394938,2.0239090473077,unknown
EIF4A1,34.4014582313069,46.3812502432178,51.526530895224,79.3832401895462,182.243932722599,1.20636472997676,1.71815283683472,unknown
WDR90,126.801463158367,94.3092281901882,137.877169244099,375.328957496746,463.090068546257,1.56558420898734,2.33876816870745,unknown
MSLNL,3.23649616092279,3.94462178843697,10.5253683784863,22.6886929221856,10.6218116876805,2.80946880118712,0.932942286721183,unknown
SLC25A45,13.6250412156227,19.9209627663715,22.3287886911407,37.4292646353383,41.8221574982693,1.45790611016386,1.35377455969799,unknown
TPCN2,13.0782895766548,12.4321565950035,20.4650980548929,28.3581411530984,41.8221574982693,1.11658909591297,1.28461435453811,unknown
PPAP2B,49.7103469523028,57.8639987021258,103.70965565313,104.328853612197,130.235512818164,1.06952013296443,1.85742561479303,unknown
AK4,204.43930362101,243.085596720479,211.803238395666,433.157432893289,374.675501793373,1.08321889162765,2.47360508207888,unknown
MYSM1,795.470988434019,661.456690573123,1140.53824795182,1618.07423943908,2631.84823402878,1.02439658189026,3.0548113944505,unknown
DNAJB4,1019.08981944637,1084.32102527284,1510.16856660286,2268.92806518623,3630.41320168121,1.15472965825797,3.1820165950842,unknown
ZNF326,884.590473693097,947.526659755836,1228.75254251276,1962.77731089721,1643.68499476088,1.14981488870174,3.11980664354696,unknown
FLVCR1,183.662980689137,217.124621149479,255.910387384305,417.282949439268,473.491783273982,1.18396510741027,2.44222613383182,unknown
PKDCC,43.1493963600658,31.9029924304616,109.300703552133,170.094566771407,291.461814271024,1.97892477656887,1.93283258297137,unknown
NUP35,44.2428882652367,55.3677493766165,99.9822903211639,90.7221551377585,41.8221574982693,1.03600934173473,1.80177841466946,unknown
PDLIM5,465.783566524279,488.217110020154,812.530166504571,1034.12002318823,1035.18449103202,1.15067199372464,2.84137755461163,unknown
NBPF10,129.535190075595,125.761953361026,130.422439236615,292.554865557248,515.098643705278,1.17536313242676,2.28929754604403,unknown
IGFN1,20.7327834457324,27.9089863708005,29.1623121259032,55.5715212703162,78.2273191638699,1.42243191850443,1.53075494862909,unknown
FSTL1,65.0192263086521,69.3467439645921,87.557738739624,132.676143228778,5.4256168370022,1.02897068605154,1.96791731791686,unknown
CCNL1,907.553776633887,1125.75873452026,1244.28322817287,1850.52203433146,2907.49377140216,1.02787727713029,3.11258331450636,unknown
PLXNB1,34.4014582313069,36.3962466895988,39.1019692688382,87.3204806023531,140.637186666119,1.34385035066999,1.73884648473529,unknown
SPRY1,27.8404993409798,37.8939976621954,27.9198540899019,104.328853612197,140.637186666119,1.90588121826444,1.73154072785234,unknown
HSPA4L,278.796668339862,293.010549169085,319.896813921109,816.412820390843,551.504648258882,1.55008551675189,2.678598697769,yes
MST1R,25.1067642008409,19.4217104716732,26.0561664830044,79.3832401895462,125.034678655622,1.66075834630264,1.64975978265856,unknown
ITGA2,182.02274465577,206.640380933254,229.818834543605,505.726500196336,374.675501793373,1.47423864435434,2.48202068501051,unknown
STARD4,71.0334276567506,79.8309880042602,141.604534212434,144.015059344947,281.060105839215,1.01964967095506,2.00493533969631,unknown
CMYA5,2.14286034036,0.451879948421009,3.07028853412098,22.6886929221856,192.645627823245,3.40436376746843,0.843401672161088,unknown
TERT,25.1067642008409,22.4172224547063,26.677395765687,68.0443258627655,62.624987895832,1.4383987582926,1.6162913297513,unknown
LEAP2,8.15749085231033,2.94602120826192,3.69158373671004,27.2242511751919,73.0265305585394,1.73869499739287,1.17325626921185,unknown
MB21D1,225.215626316811,232.601356616904,298.153853529521,572.626109206054,416.282354598478,1.34628652175956,2.5552348331317,unknown
MICALL2,20.7327834457324,29.4067389517059,29.7835410467979,104.328853612197,156.239708507467,2.33115248943999,1.66753102339334,unknown
REEP3,174.368309805209,189.66589664592,227.333924737687,417.282949439268,291.461814271024,1.25888810755458,2.43094909862754,unknown
NDUFB8,9.7977662665417,5.94174916275404,11.1466058826923,21.5548039006238,161.440551506487,1.13748465684016,1.16233557546398,unknown
STXBP4,32.761219065524,48.3782503025275,36.6170558971075,71.4460000780877,52.223513694957,1.12486420237902,1.68466898674168,unknown
MSS51,11.9847846956061,11.9329002405815,11.7678423995453,65.7765431000129,62.624987895832,2.45636919755,1.4483506408652,unknown
PRTG,213.187228991413,177.184658075997,290.077896793653,579.429459278445,717.932110796426,1.4425120199375,2.54588087822004,unknown
ZBTB39,101.65117455677,92.3122296261271,117.37666144972,204.111316078479,286.260959963998,1.00572928334073,2.15848974208104,unknown
ENGASE,89.0760293111756,70.3452434523907,75.7544138129429,274.412598903924,463.090068546257,1.62323756590954,2.19408244822207,unknown
CORO6,10.8912771887783,14.9284319514869,11.7678423995453,22.6886929221856,47.0228160862987,1.05880035419684,1.19644414422446,unknown
TUBA1C,279.343413662717,277.533813973104,402.520062918711,595.303942782889,255.055838337471,1.09158664463115,2.61043859750546,unknown
SERTAD3,9.7977662665417,10.9343858253106,16.1164794150601,31.759811803388,78.2273191638699,1.69667758312855,1.24650249755194,unknown
AXL,311.054642290297,330.953512699034,329.215225497384,624.785126441489,1222.41541223492,1.00619207155793,2.64428368476173,unknown
NFKBID,5.42365491344676,6.94029022971442,13.6315472847274,23.8225821905333,36.6215539548407,2.13499250577472,1.0556404416084,unknown
WDR81,68.2996998354718,68.3482444631837,90.6638767132947,168.960675135985,67.8257526020168,1.3067363613018,2.03110221563026,unknown
ANGPTL4,35.4949508456794,30.4052404567963,48.4203911100076,104.328853612197,83.4281164553273,1.55545248959733,1.78428550718794,unknown
C11orf84,53.5375673603585,38.892498208194,63.3298597291591,185.969049727874,197.846476291194,1.79643904548234,1.99904965286543,unknown
HOOK3,75.4073919785066,71.3437429271439,55.8751261046737,162.157325337335,99.0305469261599,1.10461633899649,2.04367524651517,unknown
HIST1H2AE,19.0925385963871,27.4097354151899,17.9801746275219,49.9020652775133,177.043086197059,1.38609058486882,1.48949109859695,unknown
MFSD2A,22.3730270358397,25.9119822252488,22.9500186117283,53.3037388120556,36.6215539548407,1.25247626553723,1.53824120983344,unknown
STIP1,938.718259191164,995.454612647516,1386.54430879625,2764.43873050044,2418.61300745345,1.55822247011775,3.20707111720586,yes
SLC16A4,11.4380313133784,9.43660873823229,14.2527810088151,32.8937022186176,73.0265305585394,1.52397263380129,1.28773201883316,unknown
SEMA4C,34.9482045537805,27.4097354151899,32.8896848234494,80.5171316607038,88.6289209244139,1.20407743887916,1.72465658209931,unknown
ZBTB49,15.2652935711837,11.9329002405815,27.9198540899019,32.8937022186176,26.2206361717976,1.1075560593728,1.35040895863047,unknown
HNRNPH1,4403.44326859065,5208.1219634122,6440.85064400918,9378.42891631359,7983.53238191491,1.09071418211968,3.8079612482741,unknown
ZBTB43,72.6736643034926,59.8609980568722,94.3912422087591,167.826783501201,790.744130079915,1.20746841818158,2.0431191647996,unknown
NPIPL3,51.8973301006255,61.8579973274125,69.5421370173819,158.75565044757,255.055838337471,1.61307571633766,1.95793710374593,unknown
KIAA1024,24.5600169506979,20.4202149309715,25.4349371123292,63.5087603799319,52.223513694957,1.37064405412587,1.59653114904341,unknown
ZEB2,72.1269187582128,80.3302376922799,62.0874041995365,145.148950962662,327.867798796871,1.00892444647606,2.00995564052158,unknown
DFFB,20.1860353170197,27.4097354151899,21.08632842511,41.9648279715535,52.223513694957,1.0558230839353,1.46396823793894,unknown
TM4SF1,5032.74711646584,6798.73089613617,15091.4425444668,16315.5782319956,25692.4581211683,1.69683210536169,3.95720378934368,unknown
OTUD3,184.209726033144,181.178654431337,253.425477598526,749.513211234241,1498.06094047917,2.02460467208949,2.57004592447828,unknown
PRDM10,37.1351895511261,45.3827501479428,69.5421370173819,100.927178950357,182.243932722599,1.44245588650975,1.78689688968049,unknown
FOS,166.167129551277,363.903980872581,291.320351676829,568.090542491456,2704.66026271198,1.77348586259068,2.48748133848802,unknown
NFXL1,163.980148139199,125.761953361026,180.741865349997,342.446099002487,395.478927639956,1.06235575679877,2.37469174884825,unknown
NPAS2,102.197919984529,116.77546079145,127.93752921091,286.88540722439,244.654133040483,1.48910875186523,2.23357525733152,unknown
HSPA4,2596.45003016026,2800.74083525005,3009.81157251464,6051.59071887356,4446.94809988888,1.22077395813372,3.5981247584822,yes
ZNF160,55.724550252383,54.8684994923277,95.0124697842027,239.261957380405,478.692640699186,2.10220605400172,2.06246011167687,unknown
ZNF692,128.988444693446,132.75144744929,118.619116494479,271.010923910478,593.111512135867,1.07110917593373,2.27176880147917,unknown
ZNF562,125.707972386822,133.250697023132,156.513993888896,251.734765642368,671.124385282943,1.00182832435005,2.25015300953882,unknown
ARNT2,2.68968268844797,8.9373478248638,13.0103129968973,38.5631553956632,57.4242399629891,3.84171521562339,1.00793680509118,unknown
PDE3A,666.985840835682,597.552753163194,657.844536917248,1444.58881205128,608.714086445892,1.11493086177692,2.9919304308011,unknown
ANKRD13D,38.2286818914555,52.8714998852775,66.4359984433947,103.194962055433,197.846476291194,1.43264517793959,1.79802390984142,unknown
HSPA6,0.504048721967425,1,4.31286527007277,27.2242511751919,41.8221574982693,5.75518536364454,0.568714230443272,yes
AHSA2,372.836863167948,401.347694578296,416.187066458643,815.278928710042,1149.60338686652,1.12874921897764,2.74141253166462,unknown
TRIB1,56.2712959554448,85.8219841236688,103.70965565313,212.048557637734,317.466088227358,1.91392357483925,2.03836112000085,unknown
TNFRSF10D,4.33009126235446,12.4321565950035,9.28288969388255,34.027592716847,52.223513694957,2.97423575432954,1.08416413789057,unknown
MOB1B,130.628680838006,126.760452523036,135.392259252574,273.27870723929,431.884925450657,1.06490136549516,2.27632216783985,unknown
PSMD1,448.83446183304,451.771895544435,705.679048907675,970.622089024558,322.666943448411,1.11272624138226,2.81956818278048,unknown
STAT5B,164.52689349268,158.712424743038,152.16540151276,360.588365750989,400.67978428209,1.13202942397955,2.38662430396706,unknown
PLK3,45.3363801091917,52.3722499650584,99.9822903211639,117.935552481582,57.4242399629891,1.37925758563977,1.864045793372,unknown
GOLIM4,1167.80454311271,1122.76323746642,1698.40047669428,2339.22934950752,863.5561510841,1.00223448874211,3.21822148235554,unknown
CEP135,122.974245445705,114.778462412579,176.39327307406,327.705507283756,244.654133040483,1.41404371552741,2.30264895324091,unknown
ZNF654,33.8547118768141,41.3887492570834,34.1321420027587,71.4460000780877,145.838025960667,1.07749660281111,1.69179852088795,unknown
GOLGA8A,283.170630920937,327.458766066998,333.56381756262,775.592719885801,2028.54857004984,1.4536276177521,2.67084096617881,unknown
ZNF519,13.6250412156227,9.93586862575569,19.2226367666392,39.6970462079059,57.4242399629891,1.54277106875506,1.36654800875635,unknown
CLCF1,10.3445222155757,6.94029022971442,31.6472274656734,23.8225821905333,52.223513694957,1.2034627863731,1.19584963530457,unknown
FOSL1,237.790768912446,295.50679677697,541.053780201549,655.400201788376,743.936403168426,1.46268340661961,2.59635078098322,unknown
ZNF169,12.5315374248102,8.43808572875656,10.5253683784863,26.0903613420454,26.2206361717976,1.05795350332751,1.25724222470331,unknown
BNIP3,136.642879988779,156.216176967639,172.044680783154,310.69713224233,764.739837255651,1.18509863761422,2.31396212583186,unknown
CLK2,145.937551278,156.216176967639,244.72829333495,655.400201788376,494.295213204706,2.16702496532459,2.49033681280175,unknown
C8orf59,36.5884433431094,43.8849999147768,52.768986722931,73.7137829306946,57.4242399629891,1.01054636078336,1.71544631610473,unknown
ZBTB34,132.815662355492,130.255199572567,127.93752921091,318.634373925657,645.120093815313,1.26247662433848,2.31327095882802,unknown
NAP1L4P1,8.70425079324966,5.44247407105259,20.4650980548929,21.5548039006238,78.2273191638699,1.30821740706756,1.13663773593365,unknown
JUN,212.093738322207,250.574339629407,360.897824782092,619.115668044897,30045.5773129429,1.545506941646,2.55914982093066,unknown
ALS2CL,14.1717923969931,21.4187189046172,14.2527810088151,44.2326098972925,36.6215539548407,1.64208813276683,1.39858367345834,unknown
PARD6G,25.1067642008409,22.4172224547063,13.6315472847274,52.1698476121812,52.223513694957,1.05514011547802,1.55860515595897,unknown
ZNF354B,17.4522921509648,22.4172224547063,21.7075586328365,45.3665009134507,109.432190330864,1.37821086020756,1.44929387909133,unknown
CLK3,185.303216720498,179.680905799593,126.695074193324,413.881274414462,723.132969248546,1.159329051303,2.44237936804402,unknown
ARID3B,42.60265038308,28.9074881366686,20.4650980548929,86.1865890994936,197.846476291194,1.01652021320975,1.78243815582635,unknown
AKAP5,10.3445222155757,15.4276860103841,17.3589431845097,23.8225821905333,31.4210316057832,1.2034627863731,1.19584963530457,unknown
ENSG00000180015_pseudogene,20.1860353170197,27.9089863708005,20.4650980548929,40.8309370678051,21.0204552697655,1.01630509493935,1.45802018791089,unknown
TMEM86B,5.97042870004762,7.43955718843485,8.6616480435825,35.1614832901867,10.6218116876805,2.55808950053083,1.16103635191169,unknown
HIST1H2BC,9.25100918809188,10.9343858253106,11.7678423995453,20.4209151656614,52.223513694957,1.14236485998188,1.13813215672066,unknown
ZNF594,28.3872461759222,15.4276860103841,31.0259987133276,61.2409777072178,171.842240436885,1.10925441437359,1.62008268978301,unknown
C7orf53,7.61072908033152,7.93882226027273,3.69158373671004,32.8937022186176,67.8257526020168,2.11170482363025,1.19926950955526,unknown
MAPK15,8.70425079324966,9.43660873823229,11.1466058826923,23.8225821905333,36.6215539548407,1.45253776879222,1.15836011486575,unknown
HSP90AA6P,22.3730270358397,24.9134797981996,43.4505666767492,85.0526976014014,26.2206361717976,1.92659653031511,1.63970642002498,unknown
TMEM45A,92.9032475201977,86.8204834500276,111.785613695352,232.458607430593,182.243932722599,1.32317291330691,2.16718826360788,unknown
CHST15,22.9197746642828,25.4127310440402,19.8438675075502,55.5715212703162,31.4210316057832,1.27775287429246,1.55253131465499,unknown
ZNF708,7.61072908033152,9.43660873823229,17.3589431845097,21.5548039006238,21.0204552697655,1.50190286692266,1.10748516936348,unknown
FBXL6,36.5884433431094,37.8939976621954,38.4807409694746,75.9815658136995,78.2273191638699,1.0542614056348,1.72202608598577,unknown
ZNF721,109.852355847362,85.8219841236688,119.861571535247,231.324715773131,468.290925889219,1.07435360871358,2.20251570613928,unknown
EWSR1,1857.79712068878,2020.41385385696,3145.86037873344,4436.92896255382,5658.74830128719,1.25596849315992,3.45804038047589,unknown
HSP90AB3P,7.063965120222,11.4336433398254,18.6014058136221,20.4209151656614,1,1.53149739769501,1.07956187365041,unknown
PI4KAP2,6.51719851972663,8.43808572875656,11.1466058826923,21.5548039006238,47.0228160862987,1.72568559082921,1.07380251315984,unknown
HIST2H4A,3.23649616092279,0.949108282306687,6.79790951959197,22.6886929221856,62.624987895832,2.80946880118712,0.932942286721183,unknown
ACTG1,3446.09223672011,3753.3088968057,7695.1088161746,9758.28263006664,4368.93521145989,1.50166595210715,3.76335014494495,unknown
SEPT5,8.15749085231033,7.93882226027273,8.6616480435825,28.3581411530984,10.6218116876805,1.79756559889108,1.18211717766872,unknown
HIST1H2AH,1,0.451879948421009,1.20638564788369,26.0903613420454,140.637186666119,4.70544501998435,0.708240046981496,unknown
SEMA4B,53.5375673603585,40.8894990808436,22.3287886911407,145.148950962662,109.432190330864,1.43891065277669,1.94523626761246,unknown
ZBTB37,6.51719851972663,7.43955718843485,14.2527810088151,26.0903613420454,31.4210316057832,2.00119307857262,1.11527052208024,unknown
PRAME,151.951750277563,174.688410347184,165.211178578657,316.36659058707,405.880640990883,1.0579839613965,2.34094816058259,unknown
ADAMTSL5,10.8912771887783,11.4336433398254,6.79790951959197,24.9564716728937,41.8221574982693,1.19624083680557,1.21713099816634,unknown
ENSG00000185864_protein_coding,51.3505843286539,52.3722499650584,60.8449486425335,150.818409065876,255.055838337471,1.5543599378786,1.94449987256583,unknown
ZNF267,9.7977662665417,12.9314124610724,26.0561664830044,51.0359564335241,62.624987895832,2.38098924873836,1.34950166641761,unknown
CCDC84,92.9032475201977,103.295721476052,127.316301702521,361.72225742336,733.53468618668,1.96108143899368,2.26320306396863,unknown
FSD2,29.4807396805295,26.9104844076567,33.5109134342004,58.9731950872806,182.243932722599,1.00028663699213,1.62009651689971,unknown
ZDHHC17,122.974245445705,129.755949995679,203.727281455532,257.404223951235,244.654133040483,1.06567952519106,2.25021491788769,unknown
SPRY4,97.2772110860298,102.29722224049,147.195581625696,195.04018288984,177.043086197059,1.00359761112014,2.13906760325197,unknown
CCDC157,13.0782895766548,16.9254466668943,21.08632842511,32.8937022186176,21.0204552697655,1.33063752146927,1.31683185284666,unknown
ARHGAP11B,14.7185431684175,10.9343858253106,13.6315472847274,34.027592716847,99.0305469261599,1.20907020993656,1.34984802597798,unknown
HIST1H2BG,2.68968268844797,8.43808572875656,9.28288969388255,78.2493487244792,93.8297313926769,4.86257085642592,1.16159088965334,unknown
ENO4,6.51719851972663,8.43808572875656,8.04040443632226,21.5548039006238,67.8257526020168,1.72568559082921,1.07380251315984,unknown
ZDHHC11,50.2570927548159,75.3377407059576,133.528576751898,219.98579921288,327.867798796871,2.13001127367467,2.02179600438958,unknown
ZNF567,17.9990411690268,18.9224580371076,40.3444257883252,58.9731950872806,93.8297313926769,1.71213930505732,1.51295201410919,unknown
IL1RAP,401.267619549931,473.738874139688,873.410454392998,1198.53431704253,421.483211492603,1.57863457047695,2.84104229453476,unknown
ZNF250,13.6250412156227,10.4351276181976,20.4650980548929,31.759811803388,26.2206361717976,1.22094176960676,1.31810787249278,unknown
ZNF107,43.1493963600658,37.8939976621954,73.2695031458988,99.7932874022358,140.637186666119,1.20960239899668,1.81703802697899,unknown
ZNF782,17.9990411690268,12.9314124610724,32.8896848234494,39.6970462079059,57.4242399629891,1.14111160832057,1.42700378157285,unknown
ZNF136,42.0559043889981,54.3692496012389,75.7544138129429,92.9899381820925,135.436348891768,1.14476626014023,1.79613146783811,unknown
ZNF431,22.9197746642828,21.9179707291469,39.1019692688382,56.7054125263868,130.235512818164,1.30689358653703,1.5569174288953,unknown
ZNF239,46.9766177695309,43.3857498113595,74.5119584873876,121.337227245141,99.0305469261599,1.36900749810944,1.87793790576955,unknown
PPTC7,291.371810750052,338.442255476714,380.777102715165,625.919018120846,801.145847271806,1.10311470402391,2.63048284020968,unknown
HIST1H2AD,1,1,2.4489766976346,21.5548039006238,21.0204552697655,4.42993753224095,0.6667720380611,unknown
KPNA5,116.413300709278,128.258201261819,140.362079225427,246.065307338347,213.449024831696,1.07978536542405,2.22852649505589,unknown
FAM3C,154.138731719865,199.650887423968,263.986344177229,421.818516139603,213.449024831696,1.45239299966551,2.40651871041046,unknown
HIST1H4C,7.61072908033152,2.94602120826192,3.07028853412098,35.1614832901867,244.654133040483,2.2078893615481,1.21374672507144,unknown
MAFG,89.0760293111756,90.3152310387655,128.558756718503,201.843532779015,431.884925450657,1.18012820798909,2.12738784417533,unknown
ZGPAT,71.0334276567506,77.3347395296899,65.1935429756401,157.621758819167,151.03886661954,1.14989669656074,2.02453947047298,unknown
ZNF785,14.7185431684175,9.93586862575569,18.6014058136221,29.4920312594228,88.6289209244139,1.00269030976684,1.31878475575137,unknown
PSMD12,534.126730480333,581.077519286139,816.257531069974,1105.55519913286,821.949281754783,1.04951706798531,2.8856123720807,unknown
ZNF675,32.761219065524,29.4067389517059,37.8595126419989,89.5882636216541,41.8221574982693,1.45132070495972,1.73380558651985,unknown
ZNF841,28.3872461759222,25.9119822252488,60.2237208532414,73.7137829306946,109.432190330864,1.37669149708694,1.66033598170781,unknown
OCLN,10.3445222155757,19.4217104716732,9.90412971842931,24.9564716728937,15.8206797071766,1.27054696877733,1.20594681087371,unknown
ZNF44,30.0274863560412,28.9074881366686,30.4047699081097,77.1154572657695,161.440551506487,1.36073635759763,1.6823302082202,unknown
SPG7,304.49369845079,273.040568261589,379.534647845318,698.488085623325,977.975043786626,1.1978231356274,2.66386865592532,unknown
ZNF121,339.485398856317,332.451261255135,517.447137847277,808.475578625358,1742.50131775797,1.25185466929436,2.7192440030051,unknown
ZNF335,63.3789894805524,64.8534960921227,114.891751347709,139.479492884636,286.260959963998,1.13797646135308,1.97322783509852,unknown
ZNF607,5.42365491344676,5.44247407105259,3.07028853412098,23.8225821905333,26.2206361717976,2.13499250577472,1.0556404416084,unknown
HELZ,120.787263879585,112.781464021523,114.891751347709,244.931415678154,811.547564497185,1.01990948920064,2.23553281812557,unknown
ZNF192,45.8831260095563,43.8849999147768,57.7388096187867,132.676143228778,286.260959963998,1.53187338967239,1.89222291857167,unknown
HIST1H3A,1,1,0.585903695934914,46.5003919617142,78.2273191638699,5.53917097194326,0.833728306833065,unknown
ZNF280B,13.6250412156227,8.9373478248638,16.1164794150601,55.5715212703162,47.0228160862987,2.02808514056847,1.43959505522318,unknown
HIST1H4E,3.23649616092279,1.9474006183627,6.17665692105884,132.676143228778,348.671221351098,5.35733237725519,1.31643396734928,unknown
ZNF789,37.6819357335501,44.3842500050632,64.5723152329636,89.5882636216541,171.842240436885,1.24943666794785,1.764192161913,unknown
DDX39B,315.428604846252,360.908483770735,483.900856576026,960.417063892053,3162.3358724384,1.60634753861197,2.74068047134528,unknown
MT-CO2,15064.9767461789,16943.9801492409,22418.8200284348,36586.1598464411,48727.0637378162,1.28009954954731,4.37064264657153,unknown
SLC5A3,320.349312718322,376.38521878778,404.383745220321,650.864635069783,769.940695802017,1.02271163174906,2.65955723562318,unknown
MT-CO1,19291.8647109477,20398.2874953986,26280.9909328606,44287.5521564198,63830.3589993414,1.1989086613868,4.46582794223065,unknown
RYR3,10.3445222155757,7.43955718843485,10.5253683784863,48.7681741457092,99.0305469261599,2.23707294695096,1.35142346638307,unknown
SFMBT2,124.067736224298,93.3107289109776,218.015512944474,251.734765642368,197.846476291194,1.02077648073179,2.2473010278221,unknown
TOP1,1815.15098675037,1996.44987745698,2393.55396621832,4408.58167048408,3541.99859498059,1.28022502781128,3.45160582337124,unknown
RNU5E-1,0.504048721967425,1,1,23.8225821905333,941.569032187866,5.56262279571613,0.539730675949005,unknown
VTRNA1-1,1.04939144816225,1,1,90.7221551377585,333.068654266788,6.43383006917692,0.989325439581028,unknown
RNA5SP500,1,1,1,34.027592716847,223.850726109976,5.08863318629279,0.765915613002654,unknown
VTRNA1-2,1,0.451879948421009,1.20638564788369,75.9815658136995,463.090068546257,6.24757753798246,0.940354119584623,unknown
AGAP6,26.2002584655674,28.9074881366686,35.3745990219944,102.061070501455,130.235512818164,1.96177972996771,1.71358284745917,unknown
NEU1,17.4522921509648,20.9194669743555,22.9500186117283,41.9648279715535,10.6218116876805,1.26576413700176,1.43236896079179,unknown
HSPA1B,250.365911453446,301.497791031335,959.139839338264,2791.65213088481,2964.7032226221,3.47900912707427,2.92221824845925,yes
HSPA1A,135.002643863594,150.724431834494,508.128726386923,2774.64375564457,2044.15114749952,4.36124298555438,2.78677475222626,yes
HSPA1L,39.8689202279352,33.8999946002915,55.8751261046737,111.132203006541,135.436348891768,1.47894049162028,1.82323719869123,yes
MICB,83.608574559584,93.8099785512767,65.1935429756401,180.299591516973,145.838025960667,1.10867331621899,2.08912278100783,unknown
MICA,51.3505843286539,60.8594977021576,56.4963539516656,166.69289186707,125.034678655622,1.69873998764005,1.96623123544266,unknown
ZNF805,52.9908216161925,52.8714998852775,55.8751261046737,107.730528298331,234.252428910678,1.02361273219005,1.87826972141561,unknown
ZNRD1-AS1,14.7185431684175,12.9314124610724,17.3589431845097,31.759811803388,187.444779950173,1.10956748217312,1.33487137312439,unknown
TBC1D8,166.713874903538,171.193663517651,129.179984225311,353.785015718174,697.128677106813,1.08549876628736,2.38535559031288,unknown
MRPL53,15.2652935711837,15.9269398010442,25.4349371123292,30.625921480192,104.231366775143,1.00449791824,1.33489716274129,unknown
C8orf73,32.761219065524,29.9059897244077,26.677395765687,82.7849146202967,93.8297313926769,1.33737885677131,1.7166556294868,unknown
ZBTB48,30.5742329839175,24.4142284839144,32.8896848234494,65.7765431000129,93.8297313926769,1.10525688272386,1.65171330800203,unknown
CNEP1R1,17.4522921509648,21.9179707291469,38.4807409694746,38.5631553956632,31.4210316057832,1.14380657391708,1.41401251844851,unknown
C1RL-AS1,55.724550252383,57.3647488492671,64.5723152329636,144.015059344947,239.453280820219,1.3698347062842,1.95222723986295,unknown
HSP90AB2P,107.665374194901,175.187659893375,288.8354419102,351.517232374455,182.243932722599,1.7070410706133,2.28901133718588,unknown
SERPINB5,234.510296936599,282.027059680199,391.337969104047,606.642859573558,67.8257526020168,1.37119615823015,2.57654750336342,unknown
ZDHHC11B,18.5457899784796,17.4246997807107,31.6472274656734,46.5003919617142,83.4281164553273,1.32615115471181,1.46785097548979,unknown
WDR52,73.2204098452455,49.8760002423356,52.768986722931,162.157325337335,182.243932722599,1.14707644380313,2.03728436393225,unknown
RNU6-6,1,1,1,21.5548039006238,161.440551506487,4.42993753224095,0.6667720380611,unknown
ENSG00000210184_Mt_tRNA,22.9197746642828,30.4052404567963,21.7075586328365,48.7681741457092,83.4281164553273,1.08934709934488,1.52417341984722,unknown
ENSG00000210195_Mt_tRNA,15.2652935711837,18.9224580371076,15.4952470216286,34.027592716847,31.4210316057832,1.15644975671705,1.35776819338024,unknown
HMGN2P8,13.6250412156227,18.4232054519055,17.9801746275219,34.027592716847,21.0204552697655,1.32044449737021,1.33308452534637,unknown
FGFR1OP,143.75056981066,169.695914872995,203.106053997258,307.295457236717,426.684068444017,1.09605876491457,2.32258285748311,unknown
CCDC19,3.78329853829677,2.44671023069402,16.1164794150601,27.2242511751919,21.0204552697655,2.84717583863212,1.00641327779592,unknown
ARHGAP19,90.7162656973614,100.799473379062,101.224745438147,210.914665985398,374.675501793373,1.21722625806287,2.14089597193311,unknown
LCAT,22.3730270358397,17.9239527041673,17.9801746275219,47.6342830398191,57.4242399629891,1.09023981055425,1.51382219016341,unknown
HSPD1P1,151.951750277563,178.682406710767,257.774069722582,425.22019116529,1,1.48459681061862,2.40515979265836,unknown
DDX47,3.78329853829677,11.4336433398254,14.2527810088151,23.8225821905333,192.645627823245,2.65461327070371,0.977429723301658,unknown
LTB4R,15.812043641239,12.9314124610724,14.2527810088151,39.6970462079059,93.8297313926769,1.32800782067644,1.3988730985753,unknown
DNASE1,20.1860353170197,18.9224580371076,20.4650980548929,70.3121086640951,145.838025960667,1.80041557885857,1.57604057569803,unknown
AP1G2,21.2795314352414,22.9164740874938,18.6014058136221,43.0987189157385,36.6215539548407,1.01817860292624,1.4812132109906,unknown
ENSG00000214106_protein_coding,9.25100918809188,9.93586862575569,13.6315472847274,24.9564716728937,21.0204552697655,1.43173131925569,1.1816861487109,unknown
C17orf67,24.0132696151435,27.4097354151899,27.9198540899019,51.0359564335241,171.842240436885,1.08768217685362,1.54416377753844,unknown
PPME1,273.875960431246,255.067585366664,326.109088306519,662.203551866595,676.325243620531,1.27375211046754,2.62927270970564,unknown
MEG3,9.7977662665417,10.4351276181976,8.04040443632226,24.9564716728937,73.0265305585394,1.34888920096905,1.19415512996521,unknown
ENSG00000214776_pseudogene,7.61072908033152,7.93882226027273,5.55539966335627,22.6886929221856,31.4210316057832,1.57586692844283,1.11861786992283,unknown
ENSG00000215158_pseudogene,11.4380313133784,17.4246997807107,39.7231975413833,28.3581411530984,78.2273191638699,1.30992420824499,1.25551452052461,unknown
GUSBP4,16.3587934100226,19.4217104716732,17.9801746275219,43.0987189157385,47.0228160862987,1.39757864461265,1.42410781453872,unknown
MIR17HG,44.2428882652367,65.8519956461105,104.952110751576,131.542251623887,218.649875267021,1.57200879456366,1.88245437114996,unknown
MCM3AP-AS1,40.4156662973798,45.3827501479428,44.6930228881827,87.3204806023531,244.654133040483,1.11140543849117,1.77383293018794,unknown
SDHAP2,11.4380313133784,12.4321565950035,14.2527810088151,29.4920312594228,57.4242399629891,1.36648643097582,1.26402798335631,unknown
HSPD1P10,144.297315178177,156.216176967639,214.909375672185,337.910532318331,151.03886661954,1.22759686146481,2.34402998954929,unknown
FNIP1,179.289017928884,180.67940488762,202.484826538784,395.739007622395,567.107222039007,1.14226215655279,2.42548127435812,unknown
TATDN2P2,7.61072908033152,5.44247407105259,17.9801746275219,32.8937022186176,36.6215539548407,2.11170482363025,1.19926950955526,unknown
ZGLP1,9.7977662665417,7.93882226027273,6.79790951959197,20.4209151656614,41.8221574982693,1.05952274169524,1.15060113797497,unknown
ENSG00000223749_lincRNA,12.5315374248102,12.9314124610724,14.2527810088151,28.3581411530984,26.2206361717976,1.17819954673539,1.27534105766615,unknown
AFG3L1P,105.478392524891,113.280713620464,177.635728011522,218.85190755838,286.260959963998,1.0530074688359,2.18165691947703,unknown
ENSG00000224186_protein_coding,17.9990411690268,15.9269398010442,31.6472274656734,41.9648279715535,31.4210316057832,1.22126061224269,1.43906740872442,unknown
ENSG00000224411_pseudogene,82.5150835827063,77.833989229346,177.014500542942,266.475357254736,151.03886661954,1.69127235338617,2.1710951985225,unknown
ENSG00000224660_lincRNA,21.2795314352414,20.4202149309715,33.5109134342004,74.8476743685686,83.4281164553273,1.81449110648665,1.60107018573759,unknown
ENSG00000224906_pseudogene,8.15749085231033,11.4336433398254,12.3890780665321,22.6886929221856,10.6218116876805,1.47577612925996,1.13368303634484,unknown
JPX,42.60265038308,38.3932479449145,54.0114425063167,113.399986156635,114.633017093885,1.41240537330322,1.84202480983953,unknown
ENSG00000225616_pseudogene,48.0701094782032,49.3767502717746,85.694055926229,102.061070501455,73.0265305585394,1.08622068481484,1.84536761524213,unknown
RUSC1-AS1,16.3587934100226,16.4261933464108,17.9801746275219,55.5715212703162,104.231366775143,1.76427939253257,1.47930177681687,unknown
ENSG00000226210_pseudogene,21.8262792955795,29.9059897244077,34.1321420027587,66.910434476324,36.6215539548407,1.61616499578264,1.58223677910072,unknown
ENSG00000226318_pseudogene,0.504048721967425,0.949108282306687,2.4489766976346,22.6886929221856,1,5.49226649551163,0.529140997576259,unknown
SRRM5,10.8912771887783,19.9209627663715,19.8438675075502,24.9564716728937,31.4210316057832,1.19624083680557,1.21713099816634,unknown
ENSG00000227671_pseudogene,29.4807396805295,26.9104844076567,42.2081103866329,80.5171316607038,104.231366775143,1.44952305612543,1.68771333555161,unknown
RAB11FIP1P1,13.6250412156227,12.4321565950035,13.6315472847274,30.625921480192,26.2206361717976,1.16849265889316,1.31021349470743,unknown
ENSG00000229344_pseudogene,114.226319103643,142.736438839176,203.106053997258,301.625998896177,421.483211492603,1.40086568511497,2.26861747761622,unknown
ACTG1P9,14.7185431684175,13.9299229220444,19.2226367666392,29.4920312594228,10.6218116876805,1.00269030976684,1.31878475575137,unknown
ENSG00000230124_antisense,20.7327834457324,15.4276860103841,17.9801746275219,47.6342830398191,62.624987895832,1.20008645845824,1.49728862219229,unknown
ENSG00000230551_processed_transcript,81.4215925961515,78.3332389265862,137.877169244099,275.546490568708,951.970749762947,1.75881240694985,2.17546723849106,unknown
ENSG00000230606_lincRNA,49.7103469523028,79.8309880042602,91.9063318868757,134.943926442474,130.235512818164,1.44074196774637,1.91330006845042,unknown
ENSG00000230913_pseudogene,10.8912771887783,15.4276860103841,31.6472274656734,34.027592716847,10.6218116876805,1.64353194672851,1.28445501860666,unknown
ENSG00000230916_pseudogene,9.25100918809188,10.4351276181976,16.1164794150601,27.2242511751919,135.436348891768,1.55720970477987,1.20057252763604,unknown
NPM1P9,15.2652935711837,24.9134797981996,25.4349371123292,44.2326098972925,67.8257526020168,1.5348550347197,1.41472386297842,unknown
ENSG00000231466_pseudogene,11.4380313133784,11.9329002405815,11.1466058826923,37.4292646353383,73.0265305585394,1.71032794393919,1.31578128793454,unknown
DLEU2,17.9990411690268,26.9104844076567,27.9198540899019,36.2953739317159,36.6215539548407,1.01186562512664,1.40755032269262,unknown
ENSG00000232015_pseudogene,15.812043641239,24.4142284839144,26.677395765687,48.7681741457092,31.4210316057832,1.62491611754227,1.44356225023436,unknown
MTND4P24,15.2652935711837,19.9209627663715,26.0561664830044,40.8309370678051,41.8221574982693,1.41940734302807,1.39734725391374,unknown
ENSG00000232593_lincRNA,16.9055429051479,18.4232054519055,36.6170558971075,57.8393037990236,26.2206361717976,1.77455383921069,1.49512608953423,unknown
HIST1H2AM,1.04939144816225,0.451879948421009,2.4489766976346,26.0903613420454,67.8257526020168,4.63589208184181,0.71870880731523,unknown
ENSG00000234170_lincRNA,4.87687618791312,7.93882226027273,9.28288969388255,21.5548039006238,15.8206797071766,2.14398018593876,1.0108429030838,unknown
CCT6P3,56.2712959554448,54.3692496012389,58.3600374394806,115.667769315143,135.436348891768,1.03951582034296,1.90674963872856,unknown
ENSG00000234747_antisense,9.25100918809188,7.93882226027273,17.9801746275219,45.3665009134507,21.0204552697655,2.2939447276914,1.31146219801232,unknown
ENSG00000234771_antisense,23.4665221884298,20.4202149309715,42.8293385419468,53.3037388120556,88.6289209244139,1.18363268372906,1.54860320140004,unknown
LDHAP7,36.0416971083625,41.3887492570834,52.1477588148128,86.1865890994936,57.4242399629891,1.25779645350479,1.74612246304143,unknown
ENSG00000236255_lincRNA,57.3647873392094,46.8805002739361,56.4963539516656,150.818409065876,192.645627823245,1.39457520303841,1.96854987158389,unknown
MIR600HG,33.3079654887654,27.4097354151899,40.9656540108071,100.927178950357,177.043086197059,1.59937559460284,1.76327812015706,unknown
ENSG00000237240_protein_coding,17.9990411690268,16.4261933464108,16.1164794150601,38.5631553956632,83.4281164553273,1.09930304915801,1.42071096638114,unknown
ENSG00000237399_antisense,8.15749085231033,6.44102103341228,11.7678423995453,20.4209151656614,5.4256168370022,1.32385015259488,1.11081589829647,unknown
ENSG00000237973_pseudogene,5940.34432536619,6506.66993391673,9510.33535357673,16473.1891759125,22790.3786600809,1.47150142217397,3.99529465246943,unknown
ENSG00000238266_lincRNA,9.25100918809188,17.9239527041673,21.7075586328365,44.2326098972925,187.444779950173,2.25742770718128,1.30596583874941,unknown
RBM14,206.079539630962,201.148636035412,262.743889287052,415.015166089354,593.111512135867,1.00996278281211,2.46604942155895,unknown
PSMD6-AS2,8.15749085231033,7.43955718843485,8.6616480435825,81.6510231377,145.838025960667,3.32327359414547,1.41175911326669,unknown
WBP1,11.4380313133784,17.4246997807107,18.6014058136221,26.0903613420454,31.4210316057832,1.18967816483711,1.23741568756177,unknown
LY6G5B,19.0925385963871,19.9209627663715,24.1924780807749,52.1698476121812,93.8297313926769,1.45020727907598,1.49914162268654,unknown
ENSG00000240399_pseudogene,7.063965120222,4.44391132020324,21.7075586328365,26.0903613420454,36.6215539548407,1.88496680058333,1.13276432005982,unknown
TPM3P9,9.7977662665417,8.43808572875656,19.8438675075502,56.7054125263868,88.6289209244139,2.53296166633483,1.37237579452266,unknown
ENSG00000241478_pseudogene,14.7185431684175,24.9134797981996,22.3287886911407,41.9648279715535,10.6218116876805,1.51154578524353,1.39537513653954,unknown
ENSG00000242086_processed_transcript,20.7327834457324,16.9254466668943,21.7075586328365,53.3037388120556,93.8297313926769,1.36232291344122,1.52170764186232,unknown
ENSG00000242588_pseudogene,13.0782895766548,13.4306678889075,35.3745990219944,41.9648279715535,130.235512818164,1.68200679412049,1.36971819815799,unknown
NME1-NME2,4.87687618791312,11.4336433398254,9.90412971842931,23.8225821905333,67.8257526020168,2.28830054766342,1.0325652820159,unknown
ENSG00000244921_pseudogene,24.0132696151435,18.4232054519055,23.5712484051153,51.0359564335241,5.4256168370022,1.08768217685362,1.54416377753844,unknown
NEAT1,1030.5714709089,1063.85179540134,1191.47889692613,2377.78166671637,12482.275629534,1.20617168931164,3.19462504501133,unknown
ENSG00000246451_processed_transcript,7.61072908033152,9.93586862575569,13.0103129968973,38.5631553956632,78.2273191638699,2.34111653319679,1.2337994125233,unknown
UBAP1L,11.4380313133784,8.9373478248638,21.7075586328365,40.8309370678051,78.2273191638699,1.83582391745655,1.33467031411643,unknown
ENSG00000247982_lincRNA,6.51719851972663,5.44247407105259,7.41915844656427,24.9564716728937,10.6218116876805,1.93709013495811,1.10562206766108,unknown
ENSG00000248103_lincRNA,10.8912771887783,14.9284319514869,12.3890780665321,26.0903613420454,36.6215539548407,1.26034378042008,1.2267794525855,unknown
ENSG00000249044_processed_transcript,21.8262792955795,19.9209627663715,35.9958274766535,61.2409777072178,104.231366775143,1.48843109905022,1.56301091191097,unknown
YJEFN3,48.6168553143644,56.3662491255052,58.3600374394806,117.935552481582,348.671221351098,1.27847021059732,1.879215804908,unknown
RPL32P3,34.4014582313069,41.8879994177275,41.586882209905,78.2493487244792,291.461814271024,1.18560902431433,1.71502879184193,unknown
ENSG00000251639_pseudogene,16.9055429051479,10.4351276181976,19.2226367666392,37.4292646353383,114.633017093885,1.14667035646895,1.40062020849061,unknown
ENSG00000251795_snoRNA,13.0782895766548,13.4306678889075,17.3589431845097,29.4920312594228,57.4242399629891,1.1731513186438,1.29312781736982,unknown
ENSG00000252447_snoRNA,2.68968268844797,6.94029022971442,8.6616480435825,21.5548039006238,52.223513694957,3.00250154934926,0.881622561931348,unknown
TUG1,627.073433236762,667.447684701571,1115.68915088846,1500.1495044804,3958.06733260906,1.25839998208972,2.98672647230324,unknown
SCARNA9,8.15749085231033,7.43955718843485,14.2527810088151,32.8937022186176,125.034678655622,2.01161402444738,1.21433467597727,unknown
ENSG00000255248_processed_transcript,9.25100918809188,8.9373478248638,38.4807409694746,46.5003919617142,78.2273191638699,2.32956021482911,1.31682286298163,unknown
ENSG00000255753_pseudogene,20.1860353170197,11.4336433398254,6.17665692105884,41.9648279715535,93.8297313926769,1.0558230839353,1.46396823793894,unknown
HIST1H3G,1.59605090951829,0.949108282306687,3.07028853412098,24.9564716728937,145.838025960667,3.96683540617664,0.800114962564127,unknown
ZNF432,35.4949508456794,37.3947473592768,57.1175817896071,81.6510231377,52.223513694957,1.20185714781734,1.73106410508652,unknown
ENSG00000256356_pseudogene,5.97042870004762,12.4321565950035,19.8438675075502,29.4920312594228,5.4256168370022,2.30441875978752,1.12285510091867,unknown
KLRAP1,9.7977662665417,14.9284319514869,17.3589431845097,23.8225821905333,52.223513694957,1.28180501856482,1.18405795439608,unknown
ENSG00000256967_antisense,7.063965120222,5.94174916275404,11.7678423995453,27.2242511751919,36.6215539548407,1.946342242493,1.14200224456579,unknown
ENSG00000257242_protein_coding,2.14286034036,7.43955718843485,13.6315472847274,26.0903613420454,10.6218116876805,3.60590719369167,0.873736980522131,unknown
ENSG00000257285_antisense,1.04939144816225,1.44813192260153,3.69158373671004,65.7765431000129,109.432190330864,5.96994834577069,0.919504282988238,unknown
ENSG00000257671_processed_transcript,43.1493963600658,58.3632485491724,70.1633647169714,109.998311434811,244.654133040483,1.35006909532894,1.83818037147291,unknown
CNPY2,25.6535113708474,26.9104844076567,34.7533705313365,54.4376300318357,62.624987895832,1.08544794894722,1.5725230140431,unknown
ENSG00000258056_antisense,11.9847846956061,4.94319507357006,9.28288969388255,26.0903613420454,31.4210316057832,1.12231293362112,1.24755516519219,unknown
MC1R,17.4522921509648,23.9149770970665,32.8896848234494,71.4460000780877,135.436348891768,2.03343671423411,1.5479151970896,unknown
ENSG00000259562_pseudogene,27.2937524466695,23.9149770970665,27.9198540899019,72.5798915004147,156.239708507467,1.41099914480416,1.64843978141763,unknown
ENSG00000259583_antisense,7.063965120222,5.94174916275404,20.4650980548929,40.8309370678051,47.0228160862987,2.53111255320278,1.23001894661448,unknown
ENSG00000259612_pseudogene,13.0782895766548,22.9164740874938,24.8137076472635,29.4920312594228,21.0204552697655,1.1731513186438,1.29312781736982,unknown
ENSG00000259820_lincRNA,23.4665221884298,21.9179707291469,70.7845924117997,98.6593958571941,156.239708507467,2.07185240717578,1.68229359114895,unknown
ENSG00000260054_lincRNA,34.4014582313069,39.3917484527561,39.7231975413833,70.3121086640951,73.0265305585394,1.03130344151974,1.69180348738214,unknown
ENSG00000260121_antisense,7.61072908033152,8.9373478248638,15.4952470216286,48.7681741457092,21.0204552697655,2.67983338922519,1.28478137937408,unknown
ENSG00000260257_lincRNA,15.2652935711837,16.9254466668943,19.8438675075502,34.027592716847,26.2206361717976,1.15644975671705,1.35776819338024,unknown
ENSG00000260884_processed_transcript,9.7977662665417,3.94462178843697,10.5253683784863,29.4920312594228,93.8297313926769,1.58980041072228,1.23041588017892,unknown
ENSG00000261050_sense_overlapping,8.70425079324966,9.43660873823229,8.6616480435825,26.0903613420454,36.6215539548407,1.58372489481096,1.17810574485405,unknown
ENSG00000261326_lincRNA,8.15749085231033,1.44813192260153,12.3890780665321,24.9564716728937,10.6218116876805,1.61321661186869,1.15436989028672,unknown
ENSG00000261355_sense_overlapping,30.5742329839175,28.4082372771364,22.9500186117283,75.9815658136995,223.850726109976,1.31333313679309,1.68303190493215,unknown
ENSG00000261505_antisense,40.9624123468631,35.39774592895,60.2237208532414,99.7932874022358,405.880640990883,1.28464209528094,1.80574342725546,unknown
ENSG00000261553_processed_transcript,1.04939144816225,1.44813192260153,10.5253683784863,39.6970462079059,312.265233140056,5.2414068195351,0.809847856746373,unknown
ENSG00000261584_lincRNA,9.25100918809188,8.43808572875656,10.5253683784863,34.027592716847,47.0228160862987,1.87902242917863,1.24901016915122,unknown
ENSG00000262194_lincRNA,17.9990411690268,23.4157256332016,19.2226367666392,57.8393037990236,78.2273191638699,1.68413013247111,1.5087362135581,unknown
ENSG00000262902_pseudogene,13.0782895766548,14.4291775984728,21.7075586328365,27.2242511751919,47.0228160862987,1.05771849441476,1.27575344608124,unknown
ZNF234,21.2795314352414,18.9224580371076,27.2986249662098,43.0987189157385,93.8297313926769,1.01817860292624,1.4812132109906,unknown
ENSG00000263013_sense_intronic,5.97042870004762,11.9329002405815,27.9198540899019,37.4292646353383,62.624987895832,2.64826027275089,1.1746084054969,unknown
ENSG00000263235_sense_overlapping,3.23649616092279,6.44102103341228,6.79790951959197,41.9648279715535,99.0305469261599,3.69667596902575,1.06648027166494,unknown
RN7SL2,1,0.451879948421009,1,20.4209151656614,104.231366775143,4.35197561709603,0.655037600572085,unknown
ENSG00000266937_3prime_overlapping_ncrna,9.25100918809188,12.4321565950035,9.28288969388255,22.6886929221856,57.4242399629891,1.29429083664696,1.16099929476902,unknown
ENSG00000267169_antisense,8.70425079324966,3.44532536151554,4.93413639868277,20.4209151656614,47.0228160862987,1.23025549192264,1.12490329844464,unknown
ENSG00000267244_processed_transcript,8.70425079324966,12.9314124610724,8.6616480435825,20.4209151656614,10.6218116876805,1.23025549192264,1.12490329844464,unknown
ENSG00000267519_lincRNA,31.1209795666002,24.4142284839144,65.8147707123957,94.1238297100319,785.543271496942,1.59667255069626,1.7333764239293,unknown
ENSG00000267523_antisense,5.97042870004762,5.44247407105259,6.79790951959197,29.4920312594228,36.6215539548407,2.30441875978752,1.12285510091867,unknown
ZNF224,12.5315374248102,17.9239527041673,21.7075586328365,29.4920312594228,26.2206361717976,1.23476176946622,1.28385452049785,unknown
